scenario,avg_return,vol,p5,p95,avg_return_Δ_vs_baseline,vol_Δ_vs_baseline,p5_Δ_vs_baseline,p95_Δ_vs_baseline
alt_outlier,0.135,,0.135,0.135,0.015000000000000013,,0.015000000000000013,0.015000000000000013
baseline,0.12,,0.12,0.12,0.0,,0.0,0.0
alt_impute,0.11,,0.11,0.11,-0.009999999999999995,,-0.009999999999999995,-0.009999999999999995
